currentView|includeNewColumns|nullSuppress|parentsBefore|textDelivery|nameView|xsiTypeView|logoUrl|contOfsawCvRowElm|viewName|wrapTextViews|fullColor|contOfsawCvCellElm|null|fontColorCreated|wrapTextCreated|contOfsawFormatSpecElmCreated|fontStyleCreatedTime|borderColor|borderPosition|borderStyle|wrapTextInner|contOfsawFormatSpecElmInner|fontStyleInner|borderColorInner|borderPositionInner|borderStyleInner|borderColorInner2|borderPositionInner2|borderStyleInner2|fontFamily|fontSize|fontStyleInnerDisplay|wrapTextDisplayInner|contOfsawFormatSpecElmDisplayInner|fmtCaption|contOfsawTextElmCaption|axis|showColumnHeader|rowEdge|columnEdge|grandTotalPosition|id|columnIDEdge|typeEdge|uiTableNameEdge|measureColumnID|measureName|measureType|measureContOfsawMeasureElm|uiTableName|nestedName|nestedXsiType|contOfsawNestedViewElm|displayMode|renderFormat|displaySubtype|displayType|contOfsawDisplayElm|barStyle|bubblePercentSize|effect|fillStyle|scatterStyle|height|sizeType|width|contOfsawCanvasFormatElm|abbreviation|display|label|dataPosition|transparentBackground|valueAs|contOfsawDataLabelsElm|contOfsawDataTextFormatElm|contOfsawSelectionsElm|refColumnID|colMeasureType|colMeasureColumnID|genColumnID|genConOfSawColumnRefElm|contOfSawMeasureLabelsElm|legendPosition|legendTransparentFill|legendContOfSawLegendFormatElm|legendFontSize|axisFormat|displayScaleLabels|defaultTicks|majorTicks|max|min|scaleValues|showMajorTicks|axesAbbreviation|null|rotateLabels|skipLabels|dataCommas|dataMaxDigits|dataMinDigits|dataNegativeType|axesXsiType|contOfsawDataFormatElm|axesFontSize|mode|truncate|truncateLength|contOfsawInnerFormatSpecElm|contOfsawSeriesFormatsElm|seriesName|seriesContOfSawSeriesFormatGroupElm|seriesPosition|bubbleColor|bubbleType|color|
0|null|null|null|null|compoundView!1|saw:compoundView|null|null|dvtchart!7|null|null|null|null|null|null|null|null|null|null|null|null|null|null|null|null|null|null|null|null|null|null|null|null|null|null|null|null|null|null|null|null|null|null|null|null|null|null|null|null|null|null|null|null|null|null|null|null|null|null|null|null|null|null|null|null|null|null|null|null|null|null|null|null|null|null|null|null|null|null|null|null|null|null|null|null|null|null|null|null|null|null|null|null|null|null|null|null|null|null|null|null|null|null|null|null|null|null|null|null|null|null|null|null|null|null|null|
0|null|null|null|null|titleView!1|saw:titleView|null|null|dvtchart!7|null|null|null|null|null|null|null|null|null|null|null|null|null|null|null|null|null|#336699|8|thick|null|null|null|true|null|null|null|null|null|null|null|null|null|null|null|null|null|null|null|null|null|null|null|null|null|null|null|null|null|null|null|null|null|null|null|null|null|null|null|null|null|null|null|null|null|null|null|null|null|null|null|null|null|null|null|null|null|null|null|null|null|null|null|null|null|null|null|null|null|null|null|null|null|null|null|null|null|null|null|null|null|null|null|null|null|null|null|
0|null|null|null|null|tableView!1|saw:tableView|null|null|dvtchart!7|null|null|null|null|null|null|null|null|null|null|null|null|null|null|null|null|null|#336699|8|thick|null|null|null|true|null|null|null|column|rollover|null|null|null|null|c2b56bde8a7473762|column|null|null|null|null|null|null|null|null|null|null|null|null|null|null|null|null|null|null|null|null|null|null|null|null|null|null|null|null|null|null|null|null|null|null|null|null|null|null|null|null|null|null|null|null|null|null|null|null|null|null|null|null|null|null|null|null|null|null|null|null|null|null|null|null|null|null|null|null|null|null|null|null|
0|null|null|null|null|tableView!1|saw:tableView|null|null|dvtchart!7|null|null|null|null|null|null|null|null|null|null|null|null|null|null|null|null|null|#336699|8|thick|null|null|null|true|null|null|null|column|rollover|null|null|null|null|c2b56bde8a7473762|column|null|null|null|null|null|null|null|null|null|null|null|null|null|null|null|null|null|null|null|null|null|null|null|null|null|null|null|null|null|null|null|null|null|null|null|null|null|null|null|null|null|null|null|null|null|null|null|null|null|null|null|null|null|null|null|null|null|null|null|null|null|null|null|null|null|null|null|null|null|null|null|null|
0|null|null|null|null|dvtchart!1|saw:dvtchart|null|null|dvtchart!7|null|null|null|null|null|null|null|null|null|null|null|null|null|null|null|null|null|#336699|8|thick|null|null|null|true|null|null|null|column|rollover|null|null|null|null|c2b56bde8a7473762|column|null|null|null|null|null|null|null|null|null|null|null|null|null|null|null|null|null|null|null|null|null|null|null|null|null|null|null|null|null|null|null|null|null|null|null|null|null|null|null|null|null|null|null|null|null|null|null|null|null|null|null|null|null|null|null|null|null|null|null|null|null|null|null|null|null|null|null|null|null|null|null|null|
0|null|null|null|null|dvtchart!2|saw:dvtchart|null|null|dvtchart!7|null|null|null|null|null|null|null|null|null|null|null|null|null|null|null|null|null|#336699|8|thick|null|null|null|true|null|null|null|column|rollover|null|null|null|null|c2b56bde8a7473762|column|null|null|null|null|null|null|null|null|null|null|null|null|null|null|null|null|null|null|null|null|null|null|null|null|null|null|null|null|null|null|null|null|null|null|null|null|null|null|null|null|null|null|null|null|null|null|null|null|null|null|null|null|null|null|null|null|null|null|null|null|null|null|null|null|null|null|null|null|null|null|null|null|
0|null|null|null|null|dvtchart!4|saw:dvtchart|null|null|dvtchart!7|null|null|null|null|null|null|null|null|null|null|null|null|null|null|null|null|null|#336699|8|thick|null|null|null|true|null|null|null|column|rollover|null|null|null|null|c2b56bde8a7473762|column|null|null|null|null|null|null|null|null|null|null|null|null|null|null|null|null|null|null|null|null|null|null|null|null|null|null|null|null|null|null|null|null|null|null|null|null|null|null|null|null|null|null|null|null|null|null|null|null|null|null|null|null|null|null|null|null|null|null|null|null|null|null|null|null|null|null|null|null|null|null|null|null|
0|null|null|null|null|dvtchart!7|saw:dvtchart|null|null|dvtchart!7|null|null|null|null|null|null|null|null|null|null|null|null|null|null|null|null|null|#336699|8|thick|null|null|null|true|null|null|null|column|rollover|null|null|null|null|c2b56bde8a7473762|column|null|null|null|null|null|null|null|null|null|null|null|null|null|null|null|null|null|null|null|null|null|null|null|null|null|null|null|null|null|null|null|null|null|null|null|null|null|null|null|null|null|null|null|null|null|null|null|null|null|null|null|null|null|null|null|null|null|null|null|null|null|null|null|null|null|null|null|null|null|null|null|null|
0|null|null|null|null|dvtchart!3|saw:dvtchart|null|null|dvtchart!7|null|null|null|null|null|null|null|null|null|null|null|null|null|null|null|null|null|#336699|8|thick|null|null|null|true|null|null|null|column|rollover|null|null|null|null|c2b56bde8a7473762|column|null|null|null|null|null|null|null|null|null|null|null|null|null|null|null|null|null|null|null|null|null|null|null|null|null|null|null|null|null|null|null|null|null|null|null|null|null|null|null|null|null|null|null|null|null|null|null|null|null|null|null|null|null|null|null|null|null|null|null|null|null|null|null|null|null|null|null|null|null|null|null|null|
0|null|null|null|null|dvtchart!5|saw:dvtchart|null|null|dvtchart!7|null|null|null|null|null|null|null|null|null|null|null|null|null|null|null|null|null|#336699|8|thick|null|null|null|true|null|null|null|column|rollover|null|null|null|null|c2b56bde8a7473762|column|null|null|null|null|null|null|null|null|null|null|null|null|null|null|null|null|null|null|null|null|null|null|null|null|null|null|null|null|null|null|null|null|null|null|null|null|null|null|null|null|null|null|null|null|null|null|null|null|null|null|null|null|null|null|null|null|null|null|null|null|null|null|null|null|null|null|null|null|null|null|null|null|
0|null|null|null|null|dvtchart!6|saw:dvtchart|null|null|dvtchart!7|null|null|null|null|null|null|null|null|null|null|null|null|null|null|null|null|null|#336699|8|thick|null|null|null|true|null|null|null|column|rollover|null|null|null|null|c2b56bde8a7473762|column|null|null|null|null|null|null|null|null|null|null|null|null|null|null|null|null|null|null|null|null|null|null|null|null|null|null|null|null|null|null|null|null|null|null|null|null|null|null|null|null|null|null|null|null|null|null|null|null|null|null|null|null|null|null|null|null|null|null|null|null|null|null|null|null|null|null|null|null|null|null|null|null|
0|null|null|null|null|filtersView!1|saw:filtersView|null|null|dvtchart!7|null|null|null|null|null|null|null|null|null|null|null|null|null|null|null|null|null|#336699|8|thick|null|null|null|true|null|null|null|column|rollover|null|null|null|null|c2b56bde8a7473762|column|null|null|null|null|null|null|null|null|null|null|null|null|null|null|null|null|null|null|null|null|null|null|null|null|null|null|null|null|null|null|null|null|null|null|null|null|null|null|null|null|null|null|null|null|null|null|null|null|null|null|null|null|null|null|null|null|null|null|null|null|null|null|null|null|null|null|null|null|null|null|null|null|
0|null|null|null|null|dvtchart!8|saw:dvtchart|null|null|dvtchart!7|null|null|null|null|null|null|null|null|null|null|null|null|null|null|null|null|null|#336699|8|thick|null|null|null|true|null|null|null|column|rollover|null|null|null|null|c2b56bde8a7473762|column|null|null|null|null|null|null|null|null|null|null|null|null|null|null|null|null|null|null|null|null|null|null|null|null|null|null|null|null|null|null|null|null|null|null|null|null|null|null|null|null|null|null|null|null|null|null|null|null|null|null|null|null|null|null|null|null|null|null|null|null|null|null|null|null|null|null|null|null|null|null|null|null|
0|null|null|null|null|dvtfunnel!1|saw:dvtfunnel|null|null|dvtchart!7|null|null|null|null|null|null|null|null|null|null|null|null|null|null|null|null|null|#336699|8|thick|null|null|null|true|null|null|null|column|rollover|null|null|null|null|c2b56bde8a7473762|column|null|null|null|null|null|null|null|null|null|null|null|null|null|null|null|null|null|null|null|null|null|null|null|null|null|null|null|null|null|null|null|null|null|null|null|null|null|null|null|null|null|null|null|null|null|null|null|null|null|null|null|null|null|null|null|null|null|null|null|null|null|null|null|null|null|null|null|null|null|null|null|null|
0|null|null|null|null|treemapView!1|saw:treemapView|null|null|dvtchart!7|null|null|null|null|null|null|null|null|null|null|null|null|null|null|null|null|null|#336699|8|thick|null|null|null|true|null|null|null|column|rollover|null|null|null|null|null|measure|null|null|null|null|null|null|null|null|null|null|null|null|null|null|null|null|null|null|null|null|null|null|null|null|null|null|null|null|null|null|null|null|null|null|null|null|null|null|null|null|null|null|null|null|null|null|null|null|null|null|null|null|null|null|null|null|null|null|null|null|null|null|null|null|null|null|null|null|null|null|null|null|
0|null|null|null|null|treemapView!1|saw:treemapView|null|null|dvtchart!7|null|null|null|null|null|null|null|null|null|null|null|null|null|null|null|null|null|#336699|8|thick|null|null|null|true|null|null|null|column|rollover|null|null|null|null|null|measure|null|ca5b8ea81fd41cad8|null|null|null|null|null|null|null|null|null|null|null|null|null|null|null|null|null|null|null|null|null|null|null|null|null|null|null|null|null|null|null|null|null|null|null|null|null|null|null|null|null|null|null|null|null|null|null|null|null|null|null|null|null|null|null|null|null|null|null|null|null|null|null|null|null|null|null|null|null|null|
0|null|null|null|null|heatmapView!1|saw:heatmapView|null|null|dvtchart!7|null|null|null|null|null|null|null|null|null|null|null|null|null|null|null|null|null|#336699|8|thick|null|null|null|true|null|null|null|column|rollover|null|null|null|null|null|measure|null|ca5b8ea81fd41cad8|null|null|null|null|null|null|null|null|null|null|null|null|null|null|null|null|null|null|null|null|null|null|null|null|null|null|null|null|null|null|null|null|null|null|null|null|null|null|null|null|null|null|null|null|null|null|null|null|null|null|null|null|null|null|null|null|null|null|null|null|null|null|null|null|null|null|null|null|null|null|
0|null|null|null|null|heatmapView!1|saw:heatmapView|null|null|dvtchart!7|null|null|null|null|null|null|null|null|null|null|null|null|null|null|null|null|null|#336699|8|thick|null|null|null|true|null|null|null|column|rollover|null|null|null|null|null|measure|null|ca5b8ea81fd41cad8|null|null|null|null|null|null|null|null|null|null|null|null|null|null|null|null|null|null|null|null|null|null|null|null|null|null|null|null|null|null|null|null|null|null|null|null|null|null|null|null|null|null|null|null|null|null|null|null|null|null|null|null|null|null|null|null|null|null|null|null|null|null|null|null|null|null|null|null|null|null|
